-- Creating the original table (for reference)
CREATE TABLE ProductDetail (
    OrderID INT,
    CustomerName VARCHAR(100),
    Products VARCHAR(255)
);

INSERT INTO ProductDetail (OrderID, CustomerName, Products) VALUES
(101, 'John Doe', 'Laptop, Mouse'),
(102, 'Jane Smith', 'Tablet, Keyboard, Mouse'),
(103, 'Emily Clark', 'Phone');

-- Transforming into 1NF: each product in its own row
CREATE TABLE ProductDetail_1NF (
    OrderID INT,
    CustomerName VARCHAR(100),
    Product VARCHAR(100)
);

INSERT INTO ProductDetail_1NF (OrderID, CustomerName, Product)
VALUES
(101, 'John Doe', 'Laptop'),
(101, 'John Doe', 'Mouse'),
(102, 'Jane Smith', 'Tablet'),
(102, 'Jane Smith', 'Keyboard'),
(102, 'Jane Smith', 'Mouse'),
(103, 'Emily Clark', 'Phone');

-- Now each row contains one atomic product.
SELECT * FROM ProductDetail_1NF;

-- Original table (for reference)
CREATE TABLE OrderDetails (
    OrderID INT,
    CustomerName VARCHAR(100),
    Product VARCHAR(100),
    Quantity INT
);

INSERT INTO OrderDetails (OrderID, CustomerName, Product, Quantity) VALUES
(101, 'John Doe', 'Laptop', 2),
(101, 'John Doe', 'Mouse', 1),
(102, 'Jane Smith', 'Tablet', 3),
(102, 'Jane Smith', 'Keyboard', 1),
(102, 'Jane Smith', 'Mouse', 2),
(103, 'Emily Clark', 'Phone', 1);

-- Splitting into two tables to achieve 2NF
CREATE TABLE Orders (
    OrderID INT PRIMARY KEY,
    CustomerName VARCHAR(100)
);

CREATE TABLE OrderItems (
    OrderID INT,
    Product VARCHAR(100),
    Quantity INT,
    PRIMARY KEY (OrderID, Product),
    FOREIGN KEY (OrderID) REFERENCES Orders(OrderID)
);

-- Insert data into Orders
INSERT INTO Orders (OrderID, CustomerName) VALUES
(101, 'John Doe'),
(102, 'Jane Smith'),
(103, 'Emily Clark');

-- Insert data into OrderItems
INSERT INTO OrderItems (OrderID, Product, Quantity) VALUES
(101, 'Laptop', 2),
(101, 'Mouse', 1),
(102, 'Tablet', 3),
(102, 'Keyboard', 1),
(102, 'Mouse', 2),
(103, 'Phone', 1);

-- Now CustomerName depends only on OrderID, and Products depend on full key (OrderID+Product)
SELECT * FROM Orders;
SELECT * FROM OrderItems;
